home_uid,host_uid,host_programme
uns-pmf:I021,epfl:COM-490,epfl-cs-msc
uns-pmf:I021,epfl:CS-420,epfl-cs-msc
uns-pmf:I021,epfl:CS-428,epfl-cs-msc
uns-pmf:I021,epfl:CS-450,epfl-cs-msc
uns-pmf:I021,epfl:CS-453,epfl-cs-msc
uns-pmf:I021,epfl:CS-460,epfl-cs-msc
uns-pmf:I021,epfl:CS-462,epfl-cs-msc
uns-pmf:I021,epfl:CS-476,epfl-cs-msc
uns-pmf:I021,epfl:EE-452,epfl-cs-msc
uns-pmf:I032,epfl:CS-412,epfl-cs-msc
uns-pmf:I032,epfl:CS-420,epfl-cs-msc
uns-pmf:I032,epfl:CS-428,epfl-cs-msc
uns-pmf:I032,epfl:CS-450,epfl-cs-msc
uns-pmf:I032,epfl:CS-453,epfl-cs-msc
uns-pmf:I032,epfl:CS-462,epfl-cs-msc
uns-pmf:I032,epfl:CS-473,epfl-cs-msc
uns-pmf:I032,epfl:CS-476,epfl-cs-msc
uns-pmf:I032,epfl:CS-522,epfl-cs-msc
uns-pmf:I034,epfl:COM-512,epfl-cs-msc
uns-pmf:I034,epfl:COM-516,epfl-cs-msc
uns-pmf:I034,epfl:CS-448,epfl-cs-msc
uns-pmf:I034,epfl:CS-450,epfl-cs-msc
uns-pmf:I034,epfl:CS-455,epfl-cs-msc
uns-pmf:I034,epfl:CS-524,epfl-cs-msc
uns-pmf:I034,epfl:EE-452,epfl-cs-msc
uns-pmf:I034,epfl:MATH-483,epfl-cs-msc
uns-pmf:I034,epfl:PHYS-512,epfl-cs-msc
uns-pmf:I052,epfl:COM-502,epfl-cs-msc
uns-pmf:I052,epfl:CS-420,epfl-cs-msc
uns-pmf:I052,epfl:CS-428,epfl-cs-msc
uns-pmf:I052,epfl:CS-438,epfl-cs-msc
uns-pmf:I052,epfl:CS-460,epfl-cs-msc
uns-pmf:I052,epfl:CS-462,epfl-cs-msc
uns-pmf:I052,epfl:CS-473,epfl-cs-msc
uns-pmf:I052,epfl:CS-489,epfl-cs-msc
uns-pmf:I052,epfl:CS-522,epfl-cs-msc
uns-pmf:I052,epfl:CS-550,epfl-cs-msc
uns-pmf:I052,epfl:ENG-466,epfl-cs-msc
uns-pmf:I052,epfl:MATH-352,epfl-cs-msc
uns-pmf:I111,epfl:COM-501,epfl-cs-msc
uns-pmf:I111,epfl:CS-428,epfl-cs-msc
uns-pmf:I111,epfl:CS-459,epfl-cs-msc
uns-pmf:I111,epfl:CS-462,epfl-cs-msc
uns-pmf:I111,epfl:CS-550,epfl-cs-msc
uns-pmf:I111,epfl:MATH-483,epfl-cs-msc
uns-pmf:I111,epfl:MGT-435,epfl-cs-msc
uns-pmf:I143,epfl:COM-502,epfl-cs-msc
uns-pmf:I143,epfl:CS-433,epfl-cs-msc
uns-pmf:I143,epfl:CS-439,epfl-cs-msc
uns-pmf:I143,epfl:CS-450,epfl-cs-msc
uns-pmf:I143,epfl:CS-455,epfl-cs-msc
uns-pmf:I143,epfl:CS-526,epfl-cs-msc
uns-pmf:I143,epfl:EE-554,epfl-cs-msc
uns-pmf:I143,epfl:PHYS-512,epfl-cs-msc
uns-pmf:I151,epfl:CS-412,epfl-cs-msc
uns-pmf:I151,epfl:CS-421,epfl-cs-msc
uns-pmf:I151,epfl:CS-433,epfl-cs-msc
uns-pmf:I151,epfl:CS-461,epfl-cs-msc
uns-pmf:I151,epfl:CS-462,epfl-cs-msc
uns-pmf:I151,epfl:CS-500,epfl-cs-msc
uns-pmf:I151,epfl:CS-503,epfl-cs-msc
uns-pmf:I151,epfl:CS-552,epfl-cs-msc
uns-pmf:I151,epfl:DH-415,epfl-cs-msc
uns-pmf:I151,epfl:ENG-466,epfl-cs-msc
uns-pmf:I151,epfl:MGT-435,epfl-cs-msc
uns-pmf:I162,epfl:COM-501,epfl-cs-msc
uns-pmf:I162,epfl:CS-401,epfl-cs-msc
uns-pmf:I162,epfl:CS-411,epfl-cs-msc
uns-pmf:I162,epfl:CS-428,epfl-cs-msc
uns-pmf:I162,epfl:CS-450,epfl-cs-msc
uns-pmf:I162,epfl:CS-457,epfl-cs-msc
uns-pmf:I162,epfl:CS-550,epfl-cs-msc
uns-pmf:I162,epfl:CS-599,epfl-cs-msc
uns-pmf:I162,epfl:MATH-483,epfl-cs-msc
uns-pmf:I162,epfl:MICRO-512,epfl-cs-msc
uns-pmf:I162,epfl:NX-465,epfl-cs-msc
uns-pmf:I162,epfl:PHYS-512,epfl-cs-msc
uns-pmf:I211,epfl:COM-406,epfl-cs-msc
uns-pmf:I211,epfl:COM-501,epfl-cs-msc
uns-pmf:I211,epfl:CS-428,epfl-cs-msc
uns-pmf:I211,epfl:CS-455,epfl-cs-msc
uns-pmf:I211,epfl:CS-459,epfl-cs-msc
uns-pmf:I211,epfl:CS-462,epfl-cs-msc
uns-pmf:I211,epfl:CS-472,epfl-cs-msc
uns-pmf:I211,epfl:CS-550,epfl-cs-msc
uns-pmf:I211,epfl:MATH-483,epfl-cs-msc
uns-pmf:I242,epfl:CS-463,epfl-cs-msc
uns-pmf:I242,epfl:CS-470,epfl-cs-msc
uns-pmf:I242,epfl:CS-471,epfl-cs-msc
uns-pmf:I242,epfl:CS-472,epfl-cs-msc
uns-pmf:I242,epfl:CS-473,epfl-cs-msc
uns-pmf:I242,epfl:CS-476,epfl-cs-msc
uns-pmf:I242,epfl:CS-522,epfl-cs-msc
uns-pmf:I251,epfl:CS-401,epfl-cs-msc
uns-pmf:I251,epfl:CS-411,epfl-cs-msc
uns-pmf:I251,epfl:CS-412,epfl-cs-msc
uns-pmf:I251,epfl:CS-420,epfl-cs-msc
uns-pmf:I251,epfl:CS-440,epfl-cs-msc
uns-pmf:I251,epfl:CS-462,epfl-cs-msc
uns-pmf:I251,epfl:CS-476,epfl-cs-msc
uns-pmf:I251,epfl:CS-486,epfl-cs-msc
uns-pmf:I251,epfl:CS-500,epfl-cs-msc
uns-pmf:I251,epfl:CS-510,epfl-cs-msc
uns-pmf:I251,epfl:CS-522,epfl-cs-msc
uns-pmf:I251,epfl:CS-599,epfl-cs-msc
uns-pmf:I251,epfl:MICRO-512,epfl-cs-msc
uns-pmf:I262,epfl:COM-404,epfl-cs-msc
uns-pmf:I262,epfl:COM-480,epfl-cs-msc
uns-pmf:I262,epfl:CS-412,epfl-cs-msc
uns-pmf:I262,epfl:CS-420,epfl-cs-msc
uns-pmf:I262,epfl:CS-428,epfl-cs-msc
uns-pmf:I262,epfl:CS-460,epfl-cs-msc
uns-pmf:I262,epfl:CS-462,epfl-cs-msc
uns-pmf:I262,epfl:CS-477,epfl-cs-msc
uns-pmf:I262,epfl:CS-522,epfl-cs-msc
uns-pmf:I262,epfl:MICRO-511,epfl-cs-msc
uns-pmf:I263,epfl:COM-407,epfl-cs-msc
uns-pmf:I263,epfl:COM-480,epfl-cs-msc
uns-pmf:I263,epfl:CS-412,epfl-cs-msc
uns-pmf:I263,epfl:CS-420,epfl-cs-msc
uns-pmf:I263,epfl:CS-421,epfl-cs-msc
uns-pmf:I263,epfl:CS-428,epfl-cs-msc
uns-pmf:I263,epfl:CS-460,epfl-cs-msc
uns-pmf:I263,epfl:CS-462,epfl-cs-msc
uns-pmf:I263,epfl:CS-486,epfl-cs-msc
uns-pmf:I263,epfl:CS-522,epfl-cs-msc
uns-pmf:I321,epfl:COM-401,epfl-cs-msc
uns-pmf:I321,epfl:COM-418,epfl-cs-msc
uns-pmf:I321,epfl:COM-501,epfl-cs-msc
uns-pmf:I321,epfl:COM-506,epfl-cs-msc
uns-pmf:I321,epfl:CS-411,epfl-cs-msc
uns-pmf:I321,epfl:CS-453,epfl-cs-msc
uns-pmf:I321,epfl:CS-462,epfl-cs-msc
uns-pmf:I321,epfl:CS-472,epfl-cs-msc
uns-pmf:I321,epfl:CS-473,epfl-cs-msc
uns-pmf:I321,epfl:CS-522,epfl-cs-msc
uns-pmf:I321,epfl:CS-524,epfl-cs-msc
uns-pmf:I321,epfl:EE-512,epfl-cs-msc
uns-pmf:I321,epfl:MICRO-511,epfl-cs-msc
uns-pmf:I322,epfl:COM-407,epfl-cs-msc
uns-pmf:I322,epfl:COM-490,epfl-cs-msc
uns-pmf:I322,epfl:CS-401,epfl-cs-msc
uns-pmf:I322,epfl:CS-411,epfl-cs-msc
uns-pmf:I322,epfl:CS-412,epfl-cs-msc
uns-pmf:I322,epfl:CS-420,epfl-cs-msc
uns-pmf:I322,epfl:CS-440,epfl-cs-msc
uns-pmf:I322,epfl:CS-462,epfl-cs-msc
uns-pmf:I322,epfl:CS-498,epfl-cs-msc
uns-pmf:I322,epfl:CS-522,epfl-cs-msc
uns-pmf:I322,epfl:CS-550,epfl-cs-msc
uns-pmf:I322,epfl:CS-596,epfl-cs-msc
uns-pmf:I322,epfl:CS-599,epfl-cs-msc
uns-pmf:I342,epfl:COM-512,epfl-cs-msc
uns-pmf:I342,epfl:COM-516,epfl-cs-msc
uns-pmf:I342,epfl:CS-448,epfl-cs-msc
uns-pmf:I342,epfl:CS-450,epfl-cs-msc
uns-pmf:I342,epfl:CS-455,epfl-cs-msc
uns-pmf:I342,epfl:CS-524,epfl-cs-msc
uns-pmf:I342,epfl:EE-452,epfl-cs-msc
uns-pmf:I342,epfl:MATH-352,epfl-cs-msc
uns-pmf:I342,epfl:PHYS-512,epfl-cs-msc
uns-pmf:I364,epfl:COM-404,epfl-cs-msc
uns-pmf:I364,epfl:COM-406,epfl-cs-msc
uns-pmf:I364,epfl:COM-501,epfl-cs-msc
uns-pmf:I364,epfl:COM-506,epfl-cs-msc
uns-pmf:I364,epfl:CS-455,epfl-cs-msc
uns-pmf:I364,epfl:CS-522,epfl-cs-msc
uns-pmf:I364,epfl:CS-524,epfl-cs-msc
uns-pmf:I364,epfl:MGT-416,epfl-cs-msc
uns-pmf:I364,epfl:MICRO-511,epfl-cs-msc
uns-pmf:I364,epfl:PHYS-512,epfl-cs-msc
uns-pmf:M-05,epfl:COM-404,epfl-cs-msc
uns-pmf:M-05,epfl:COM-406,epfl-cs-msc
uns-pmf:M-05,epfl:CS-401,epfl-cs-msc
uns-pmf:M-05,epfl:CS-420,epfl-cs-msc
uns-pmf:M-05,epfl:CS-428,epfl-cs-msc
uns-pmf:M-05,epfl:CS-453,epfl-cs-msc
uns-pmf:M-05,epfl:CS-460,epfl-cs-msc
uns-pmf:M-05,epfl:CS-462,epfl-cs-msc
uns-pmf:M-05,epfl:CS-522,epfl-cs-msc
uns-pmf:M-05,epfl:CS-526,epfl-cs-msc
uns-pmf:M-05,epfl:EE-452,epfl-cs-msc
uns-pmf:M-05,epfl:MATH-352,epfl-cs-msc
uns-pmf:M-05,epfl:MGT-416,epfl-cs-msc
uns-pmf:M-05,epfl:MGT-427,epfl-cs-msc
uns-pmf:M3-22,epfl:COM-417,epfl-cs-msc
uns-pmf:M3-22,epfl:COM-501,epfl-cs-msc
uns-pmf:M3-22,epfl:COM-516,epfl-cs-msc
uns-pmf:M3-22,epfl:CS-420,epfl-cs-msc
uns-pmf:M3-22,epfl:CS-433,epfl-cs-msc
uns-pmf:M3-22,epfl:CS-450,epfl-cs-msc
uns-pmf:M3-22,epfl:CS-459,epfl-cs-msc
uns-pmf:M3-22,epfl:MATH-483,epfl-cs-msc
uns-pmf:M3-22,epfl:MATH-493,epfl-cs-msc
uns-pmf:M3-22,epfl:MGT-416,epfl-cs-msc
uns-pmf:M3-22,epfl:MGT-435,epfl-cs-msc
uns-pmf:M3-22,epfl:NX-465,epfl-cs-msc
uns-pmf:M3-22,epfl:PHYS-512,epfl-cs-msc
uns-pmf:M3-23,epfl:COM-417,epfl-cs-msc
uns-pmf:M3-23,epfl:COM-440,epfl-cs-msc
uns-pmf:M3-23,epfl:COM-501,epfl-cs-msc
uns-pmf:M3-23,epfl:CS-420,epfl-cs-msc
uns-pmf:M3-23,epfl:CS-450,epfl-cs-msc
uns-pmf:M3-23,epfl:CS-455,epfl-cs-msc
uns-pmf:M3-23,epfl:CS-460,epfl-cs-msc
uns-pmf:M3-23,epfl:CS-462,epfl-cs-msc
uns-pmf:M3-23,epfl:CS-498,epfl-cs-msc
uns-pmf:M3-23,epfl:CS-522,epfl-cs-msc
uns-pmf:M3-23,epfl:CS-526,epfl-cs-msc
uns-pmf:M3-23,epfl:EE-512,epfl-cs-msc
uns-pmf:M3-23,epfl:MGT-416,epfl-cs-msc
uns-pmf:I021,kth:DD2257,kth-cs-msc
uns-pmf:I021,kth:DD2358,kth-cs-msc
uns-pmf:I021,kth:DD2367,kth-cs-msc
uns-pmf:I021,kth:DD2424,kth-cs-msc
uns-pmf:I021,kth:DD2440,kth-cs-msc
uns-pmf:I021,kth:DD2452,kth-cs-msc
uns-pmf:I021,kth:DD2481,kth-cs-msc
uns-pmf:I021,kth:DD2484,kth-cs-msc
uns-pmf:I021,kth:DD2542,kth-cs-msc
uns-pmf:I021,kth:DD2552,kth-cs-msc
uns-pmf:I021,kth:DH2321,kth-cs-msc
uns-pmf:I021,kth:ID2200,kth-cs-msc
uns-pmf:I021,kth:ID2202,kth-cs-msc
uns-pmf:I032,kth:DD2373,kth-cs-msc
uns-pmf:I032,kth:DD2452,kth-cs-msc
uns-pmf:I032,kth:DD2459,kth-cs-msc
uns-pmf:I032,kth:DD2481,kth-cs-msc
uns-pmf:I032,kth:DD2484,kth-cs-msc
uns-pmf:I032,kth:DD2489,kth-cs-msc
uns-pmf:I032,kth:DD2557,kth-cs-msc
uns-pmf:I032,kth:DH2413,kth-cs-msc
uns-pmf:I032,kth:ID2200,kth-cs-msc
uns-pmf:I032,kth:ID2202,kth-cs-msc
uns-pmf:I034,kth:DD2373,kth-cs-msc
uns-pmf:I034,kth:DD2420,kth-cs-msc
uns-pmf:I034,kth:DD2440,kth-cs-msc
uns-pmf:I034,kth:DD2445,kth-cs-msc
uns-pmf:I034,kth:SF1626,kth-cs-msc
uns-pmf:I034,kth:SF2740,kth-cs-msc
uns-pmf:I034,kth:SF2741,kth-cs-msc
uns-pmf:I034,kth:SF2940,kth-cs-msc
uns-pmf:I034,kth:SF2956,kth-cs-msc
uns-pmf:I034,kth:SF2972,kth-cs-msc
uns-pmf:I052,kth:DD2417,kth-cs-msc
uns-pmf:I052,kth:DD2452,kth-cs-msc
uns-pmf:I052,kth:DD2459,kth-cs-msc
uns-pmf:I052,kth:DD2460,kth-cs-msc
uns-pmf:I052,kth:DD2477,kth-cs-msc
uns-pmf:I052,kth:DD2480,kth-cs-msc
uns-pmf:I052,kth:DD2481,kth-cs-msc
uns-pmf:I052,kth:DD2525,kth-cs-msc
uns-pmf:I052,kth:DD2528,kth-cs-msc
uns-pmf:I052,kth:DH2321,kth-cs-msc
uns-pmf:I052,kth:DH2413,kth-cs-msc
uns-pmf:I052,kth:DT2119,kth-cs-msc
uns-pmf:I052,kth:DT2151,kth-cs-msc
uns-pmf:I052,kth:SF2930,kth-cs-msc
uns-pmf:I111,kth:CM2014,kth-cs-msc
uns-pmf:I111,kth:DA2210,kth-cs-msc
uns-pmf:I111,kth:DD1420,kth-cs-msc
uns-pmf:I111,kth:DD2373,kth-cs-msc
uns-pmf:I111,kth:DD2452,kth-cs-msc
uns-pmf:I111,kth:DD2481,kth-cs-msc
uns-pmf:I111,kth:DD2552,kth-cs-msc
uns-pmf:I111,kth:DD2557,kth-cs-msc
uns-pmf:I111,kth:SF1626,kth-cs-msc
uns-pmf:I111,kth:SF2740,kth-cs-msc
uns-pmf:I111,kth:SF2741,kth-cs-msc
uns-pmf:I111,kth:SF2940,kth-cs-msc
uns-pmf:I143,kth:DD1420,kth-cs-msc
uns-pmf:I143,kth:DD2363,kth-cs-msc
uns-pmf:I143,kth:DD2367,kth-cs-msc
uns-pmf:I143,kth:DD2421,kth-cs-msc
uns-pmf:I143,kth:DD2557,kth-cs-msc
uns-pmf:I143,kth:DH2320,kth-cs-msc
uns-pmf:I143,kth:DH2323,kth-cs-msc
uns-pmf:I143,kth:SF1626,kth-cs-msc
uns-pmf:I143,kth:SF2741,kth-cs-msc
uns-pmf:I143,kth:SF2930,kth-cs-msc
uns-pmf:I143,kth:SF2940,kth-cs-msc
uns-pmf:I143,kth:SF2956,kth-cs-msc
uns-pmf:I151,kth:DD2380,kth-cs-msc
uns-pmf:I151,kth:DD2421,kth-cs-msc
uns-pmf:I151,kth:DD2424,kth-cs-msc
uns-pmf:I151,kth:DD2434,kth-cs-msc
uns-pmf:I151,kth:DD2437,kth-cs-msc
uns-pmf:I151,kth:DD2438,kth-cs-msc
uns-pmf:I151,kth:DH2323,kth-cs-msc
uns-pmf:I151,kth:DT2119,kth-cs-msc
uns-pmf:I151,kth:DT2151,kth-cs-msc
uns-pmf:I151,kth:ID1214,kth-cs-msc
uns-pmf:I151,kth:SF2972,kth-cs-msc
uns-pmf:I162,kth:CM2014,kth-cs-msc
uns-pmf:I162,kth:DD1420,kth-cs-msc
uns-pmf:I162,kth:DD2363,kth-cs-msc
uns-pmf:I162,kth:DD2365,kth-cs-msc
uns-pmf:I162,kth:DD2370,kth-cs-msc
uns-pmf:I162,kth:DD2380,kth-cs-msc
uns-pmf:I162,kth:DD2484,kth-cs-msc
uns-pmf:I162,kth:DH2323,kth-cs-msc
uns-pmf:I162,kth:DT2212,kth-cs-msc
uns-pmf:I162,kth:SF1626,kth-cs-msc
uns-pmf:I162,kth:SF2930,kth-cs-msc
uns-pmf:I211,kth:DD1420,kth-cs-msc
uns-pmf:I211,kth:DD2257,kth-cs-msc
uns-pmf:I211,kth:DD2373,kth-cs-msc
uns-pmf:I211,kth:DD2424,kth-cs-msc
uns-pmf:I211,kth:DD2448,kth-cs-msc
uns-pmf:I211,kth:DD2452,kth-cs-msc
uns-pmf:I211,kth:DD2481,kth-cs-msc
uns-pmf:I211,kth:DD2542,kth-cs-msc
uns-pmf:I211,kth:DD2552,kth-cs-msc
uns-pmf:I211,kth:DD2557,kth-cs-msc
uns-pmf:I211,kth:SF2741,kth-cs-msc
uns-pmf:I211,kth:SF2940,kth-cs-msc
uns-pmf:I242,kth:DD2258,kth-cs-msc
uns-pmf:I242,kth:DD2356,kth-cs-msc
uns-pmf:I242,kth:DD2358,kth-cs-msc
uns-pmf:I242,kth:DD2360,kth-cs-msc
uns-pmf:I242,kth:DD2367,kth-cs-msc
uns-pmf:I242,kth:DD2410,kth-cs-msc
uns-pmf:I242,kth:DD2437,kth-cs-msc
uns-pmf:I242,kth:DD2481,kth-cs-msc
uns-pmf:I242,kth:DD2484,kth-cs-msc
uns-pmf:I242,kth:DH2323,kth-cs-msc
uns-pmf:I242,kth:ID2200,kth-cs-msc
uns-pmf:I242,kth:ID2202,kth-cs-msc
uns-pmf:I251,kth:DD2358,kth-cs-msc
uns-pmf:I251,kth:DD2452,kth-cs-msc
uns-pmf:I251,kth:DD2459,kth-cs-msc
uns-pmf:I251,kth:DD2480,kth-cs-msc
uns-pmf:I251,kth:DD2481,kth-cs-msc
uns-pmf:I251,kth:DD2482,kth-cs-msc
uns-pmf:I251,kth:DD2484,kth-cs-msc
uns-pmf:I251,kth:DD2489,kth-cs-msc
uns-pmf:I251,kth:DD2528,kth-cs-msc
uns-pmf:I251,kth:DH2408,kth-cs-msc
uns-pmf:I251,kth:ID2202,kth-cs-msc
uns-pmf:I262,kth:DD2452,kth-cs-msc
uns-pmf:I262,kth:DD2477,kth-cs-msc
uns-pmf:I262,kth:DD2480,kth-cs-msc
uns-pmf:I262,kth:DD2481,kth-cs-msc
uns-pmf:I262,kth:DD2484,kth-cs-msc
uns-pmf:I262,kth:DD2489,kth-cs-msc
uns-pmf:I262,kth:DD2525,kth-cs-msc
uns-pmf:I262,kth:DH2321,kth-cs-msc
uns-pmf:I262,kth:DT2119,kth-cs-msc
uns-pmf:I262,kth:ID2202,kth-cs-msc
uns-pmf:I262,kth:IK2206,kth-cs-msc
uns-pmf:I263,kth:DD2258,kth-cs-msc
uns-pmf:I263,kth:DD2452,kth-cs-msc
uns-pmf:I263,kth:DD2481,kth-cs-msc
uns-pmf:I263,kth:DD2484,kth-cs-msc
uns-pmf:I263,kth:DD2489,kth-cs-msc
uns-pmf:I263,kth:DD2525,kth-cs-msc
uns-pmf:I263,kth:DD2552,kth-cs-msc
uns-pmf:I263,kth:DH2321,kth-cs-msc
uns-pmf:I263,kth:ID2202,kth-cs-msc
uns-pmf:I263,kth:IK1203,kth-cs-msc
uns-pmf:I263,kth:IK2206,kth-cs-msc
uns-pmf:I321,kth:DD2367,kth-cs-msc
uns-pmf:I321,kth:DD2395,kth-cs-msc
uns-pmf:I321,kth:DD2410,kth-cs-msc
uns-pmf:I321,kth:DD2448,kth-cs-msc
uns-pmf:I321,kth:DD2452,kth-cs-msc
uns-pmf:I321,kth:DD2485,kth-cs-msc
uns-pmf:I321,kth:DH2400,kth-cs-msc
uns-pmf:I321,kth:DT2212,kth-cs-msc
uns-pmf:I321,kth:IK2218,kth-cs-msc
uns-pmf:I321,kth:IV1013,kth-cs-msc
uns-pmf:I322,kth:DD2258,kth-cs-msc
uns-pmf:I322,kth:DD2360,kth-cs-msc
uns-pmf:I322,kth:DD2459,kth-cs-msc
uns-pmf:I322,kth:DD2460,kth-cs-msc
uns-pmf:I322,kth:DD2477,kth-cs-msc
uns-pmf:I322,kth:DD2480,kth-cs-msc
uns-pmf:I322,kth:DD2481,kth-cs-msc
uns-pmf:I322,kth:DD2484,kth-cs-msc
uns-pmf:I322,kth:DD2552,kth-cs-msc
uns-pmf:I322,kth:DH2323,kth-cs-msc
uns-pmf:I322,kth:DH2413,kth-cs-msc
uns-pmf:I342,kth:DD2257,kth-cs-msc
uns-pmf:I342,kth:DD2420,kth-cs-msc
uns-pmf:I342,kth:DD2421,kth-cs-msc
uns-pmf:I342,kth:DD2440,kth-cs-msc
uns-pmf:I342,kth:DD2459,kth-cs-msc
uns-pmf:I342,kth:DD2542,kth-cs-msc
uns-pmf:I342,kth:SF2740,kth-cs-msc
uns-pmf:I342,kth:SF2741,kth-cs-msc
uns-pmf:I342,kth:SF2930,kth-cs-msc
uns-pmf:I342,kth:SF2956,kth-cs-msc
uns-pmf:I342,kth:SF2972,kth-cs-msc
uns-pmf:I364,kth:DD1420,kth-cs-msc
uns-pmf:I364,kth:DD2380,kth-cs-msc
uns-pmf:I364,kth:DD2421,kth-cs-msc
uns-pmf:I364,kth:DD2445,kth-cs-msc
uns-pmf:I364,kth:DD2448,kth-cs-msc
uns-pmf:I364,kth:DD2481,kth-cs-msc
uns-pmf:I364,kth:DD2484,kth-cs-msc
uns-pmf:I364,kth:DD2542,kth-cs-msc
uns-pmf:I364,kth:DD2552,kth-cs-msc
uns-pmf:I364,kth:IK1203,kth-cs-msc
uns-pmf:I364,kth:IK2206,kth-cs-msc
uns-pmf:I364,kth:SF2930,kth-cs-msc
uns-pmf:I364,kth:SF2940,kth-cs-msc
uns-pmf:M-05,kth:DA2210,kth-cs-msc
uns-pmf:M-05,kth:DD2417,kth-cs-msc
uns-pmf:M-05,kth:DD2430,kth-cs-msc
uns-pmf:M-05,kth:DD2444,kth-cs-msc
uns-pmf:M-05,kth:DD2452,kth-cs-msc
uns-pmf:M-05,kth:DD2481,kth-cs-msc
uns-pmf:M-05,kth:DD2484,kth-cs-msc
uns-pmf:M-05,kth:DD2485,kth-cs-msc
uns-pmf:M-05,kth:DD2525,kth-cs-msc
uns-pmf:M-05,kth:DH2408,kth-cs-msc
uns-pmf:M-05,kth:DT2151,kth-cs-msc
uns-pmf:M-05,kth:DT2212,kth-cs-msc
uns-pmf:M-05,kth:ID2200,kth-cs-msc
uns-pmf:M3-22,kth:CM2014,kth-cs-msc
uns-pmf:M3-22,kth:DD1420,kth-cs-msc
uns-pmf:M3-22,kth:DD2363,kth-cs-msc
uns-pmf:M3-22,kth:DD2380,kth-cs-msc
uns-pmf:M3-22,kth:DD2481,kth-cs-msc
uns-pmf:M3-22,kth:DD2484,kth-cs-msc
uns-pmf:M3-22,kth:DD2489,kth-cs-msc
uns-pmf:M3-22,kth:IK1203,kth-cs-msc
uns-pmf:M3-22,kth:SF1626,kth-cs-msc
uns-pmf:M3-22,kth:SF2741,kth-cs-msc
uns-pmf:M3-22,kth:SF2930,kth-cs-msc
uns-pmf:M3-22,kth:SF2940,kth-cs-msc
uns-pmf:M3-22,kth:SF2972,kth-cs-msc
uns-pmf:M3-23,kth:DD1420,kth-cs-msc
uns-pmf:M3-23,kth:DD2401,kth-cs-msc
uns-pmf:M3-23,kth:DD2452,kth-cs-msc
uns-pmf:M3-23,kth:DD2467,kth-cs-msc
uns-pmf:M3-23,kth:DD2481,kth-cs-msc
uns-pmf:M3-23,kth:DD2484,kth-cs-msc
uns-pmf:M3-23,kth:DD2552,kth-cs-msc
uns-pmf:M3-23,kth:DH2400,kth-cs-msc
uns-pmf:M3-23,kth:DT2212,kth-cs-msc
uns-pmf:M3-23,kth:ID2200,kth-cs-msc
uns-pmf:M3-23,kth:IK2218,kth-cs-msc
uns-pmf:M3-23,kth:SF2940,kth-cs-msc
uns-pmf:I021,polimi:052512,polimi-ecs-bsc
uns-pmf:I021,polimi:054303,polimi-ecs-bsc
uns-pmf:I021,polimi:063579,polimi-ecs-bsc
uns-pmf:I021,polimi:082746,polimi-ecs-bsc
uns-pmf:I021,polimi:085879,polimi-ecs-bsc
uns-pmf:I021,polimi:085887,polimi-ecs-bsc
uns-pmf:I021,polimi:086067,polimi-ecs-bsc
uns-pmf:I021,polimi:089013,polimi-ecs-bsc
uns-pmf:I021,polimi:089020,polimi-ecs-bsc
uns-pmf:I032,polimi:051234,polimi-ecs-bsc
uns-pmf:I032,polimi:052510,polimi-ecs-bsc
uns-pmf:I032,polimi:056889,polimi-ecs-bsc
uns-pmf:I032,polimi:063150,polimi-ecs-bsc
uns-pmf:I032,polimi:063579,polimi-ecs-bsc
uns-pmf:I032,polimi:082746,polimi-ecs-bsc
uns-pmf:I032,polimi:085879,polimi-ecs-bsc
uns-pmf:I032,polimi:085887,polimi-ecs-bsc
uns-pmf:I032,polimi:089020,polimi-ecs-bsc
uns-pmf:I034,polimi:051230,polimi-ecs-bsc
uns-pmf:I034,polimi:052512,polimi-ecs-bsc
uns-pmf:I034,polimi:082740,polimi-ecs-bsc
uns-pmf:I034,polimi:085903,polimi-ecs-bsc
uns-pmf:I034,polimi:086067,polimi-ecs-bsc
uns-pmf:I034,polimi:089013,polimi-ecs-bsc
uns-pmf:I034,polimi:089020,polimi-ecs-bsc
uns-pmf:I034,polimi:099319,polimi-ecs-bsc
uns-pmf:I034,polimi:099322,polimi-ecs-bsc
uns-pmf:I052,polimi:052510,polimi-ecs-bsc
uns-pmf:I052,polimi:052511,polimi-ecs-bsc
uns-pmf:I052,polimi:056889,polimi-ecs-bsc
uns-pmf:I052,polimi:059429,polimi-ecs-bsc
uns-pmf:I052,polimi:063149,polimi-ecs-bsc
uns-pmf:I052,polimi:063579,polimi-ecs-bsc
uns-pmf:I052,polimi:082746,polimi-ecs-bsc
uns-pmf:I052,polimi:085887,polimi-ecs-bsc
uns-pmf:I111,polimi:051230,polimi-ecs-bsc
uns-pmf:I111,polimi:056889,polimi-ecs-bsc
uns-pmf:I111,polimi:082740,polimi-ecs-bsc
uns-pmf:I111,polimi:085877,polimi-ecs-bsc
uns-pmf:I111,polimi:085903,polimi-ecs-bsc
uns-pmf:I111,polimi:086067,polimi-ecs-bsc
uns-pmf:I111,polimi:099319,polimi-ecs-bsc
uns-pmf:I143,polimi:052425,polimi-ecs-bsc
uns-pmf:I143,polimi:054221,polimi-ecs-bsc
uns-pmf:I143,polimi:056889,polimi-ecs-bsc
uns-pmf:I143,polimi:082740,polimi-ecs-bsc
uns-pmf:I143,polimi:082747,polimi-ecs-bsc
uns-pmf:I143,polimi:082748,polimi-ecs-bsc
uns-pmf:I143,polimi:086067,polimi-ecs-bsc
uns-pmf:I143,polimi:099319,polimi-ecs-bsc
uns-pmf:I151,polimi:052510,polimi-ecs-bsc
uns-pmf:I151,polimi:056889,polimi-ecs-bsc
uns-pmf:I151,polimi:063149,polimi-ecs-bsc
uns-pmf:I151,polimi:063579,polimi-ecs-bsc
uns-pmf:I151,polimi:082746,polimi-ecs-bsc
uns-pmf:I151,polimi:085877,polimi-ecs-bsc
uns-pmf:I151,polimi:085887,polimi-ecs-bsc
uns-pmf:I151,polimi:086067,polimi-ecs-bsc
uns-pmf:I151,polimi:089013,polimi-ecs-bsc
uns-pmf:I151,polimi:089020,polimi-ecs-bsc
uns-pmf:I162,polimi:052425,polimi-ecs-bsc
uns-pmf:I162,polimi:054221,polimi-ecs-bsc
uns-pmf:I162,polimi:056889,polimi-ecs-bsc
uns-pmf:I162,polimi:059430,polimi-ecs-bsc
uns-pmf:I162,polimi:082740,polimi-ecs-bsc
uns-pmf:I162,polimi:088804,polimi-ecs-bsc
uns-pmf:I162,polimi:099319,polimi-ecs-bsc
uns-pmf:I211,polimi:063579,polimi-ecs-bsc
uns-pmf:I211,polimi:082740,polimi-ecs-bsc
uns-pmf:I211,polimi:082746,polimi-ecs-bsc
uns-pmf:I211,polimi:085779,polimi-ecs-bsc
uns-pmf:I211,polimi:085879,polimi-ecs-bsc
uns-pmf:I211,polimi:085887,polimi-ecs-bsc
uns-pmf:I211,polimi:085903,polimi-ecs-bsc
uns-pmf:I211,polimi:086067,polimi-ecs-bsc
uns-pmf:I211,polimi:099319,polimi-ecs-bsc
uns-pmf:I242,polimi:063149,polimi-ecs-bsc
uns-pmf:I242,polimi:082746,polimi-ecs-bsc
uns-pmf:I242,polimi:085746,polimi-ecs-bsc
uns-pmf:I242,polimi:085779,polimi-ecs-bsc
uns-pmf:I242,polimi:085877,polimi-ecs-bsc
uns-pmf:I242,polimi:085879,polimi-ecs-bsc
uns-pmf:I242,polimi:089020,polimi-ecs-bsc
uns-pmf:I251,polimi:051234,polimi-ecs-bsc
uns-pmf:I251,polimi:052510,polimi-ecs-bsc
uns-pmf:I251,polimi:056889,polimi-ecs-bsc
uns-pmf:I251,polimi:063149,polimi-ecs-bsc
uns-pmf:I251,polimi:063150,polimi-ecs-bsc
uns-pmf:I251,polimi:063579,polimi-ecs-bsc
uns-pmf:I251,polimi:082746,polimi-ecs-bsc
uns-pmf:I251,polimi:085879,polimi-ecs-bsc
uns-pmf:I251,polimi:085887,polimi-ecs-bsc
uns-pmf:I251,polimi:089020,polimi-ecs-bsc
uns-pmf:I262,polimi:052510,polimi-ecs-bsc
uns-pmf:I262,polimi:052511,polimi-ecs-bsc
uns-pmf:I262,polimi:054303,polimi-ecs-bsc
uns-pmf:I262,polimi:063149,polimi-ecs-bsc
uns-pmf:I262,polimi:063579,polimi-ecs-bsc
uns-pmf:I262,polimi:082746,polimi-ecs-bsc
uns-pmf:I262,polimi:085879,polimi-ecs-bsc
uns-pmf:I262,polimi:085887,polimi-ecs-bsc
uns-pmf:I263,polimi:052510,polimi-ecs-bsc
uns-pmf:I263,polimi:052511,polimi-ecs-bsc
uns-pmf:I263,polimi:054303,polimi-ecs-bsc
uns-pmf:I263,polimi:059429,polimi-ecs-bsc
uns-pmf:I263,polimi:063149,polimi-ecs-bsc
uns-pmf:I263,polimi:063579,polimi-ecs-bsc
uns-pmf:I263,polimi:082746,polimi-ecs-bsc
uns-pmf:I263,polimi:085879,polimi-ecs-bsc
uns-pmf:I263,polimi:085887,polimi-ecs-bsc
uns-pmf:I263,polimi:089020,polimi-ecs-bsc
uns-pmf:I321,polimi:054303,polimi-ecs-bsc
uns-pmf:I321,polimi:059431,polimi-ecs-bsc
uns-pmf:I321,polimi:082748,polimi-ecs-bsc
uns-pmf:I321,polimi:085746,polimi-ecs-bsc
uns-pmf:I321,polimi:085779,polimi-ecs-bsc
uns-pmf:I321,polimi:085877,polimi-ecs-bsc
uns-pmf:I321,polimi:085879,polimi-ecs-bsc
uns-pmf:I321,polimi:099322,polimi-ecs-bsc
uns-pmf:I322,polimi:051234,polimi-ecs-bsc
uns-pmf:I322,polimi:052510,polimi-ecs-bsc
uns-pmf:I322,polimi:052512,polimi-ecs-bsc
uns-pmf:I322,polimi:054303,polimi-ecs-bsc
uns-pmf:I322,polimi:056889,polimi-ecs-bsc
uns-pmf:I322,polimi:058083,polimi-ecs-bsc
uns-pmf:I322,polimi:059429,polimi-ecs-bsc
uns-pmf:I322,polimi:059430,polimi-ecs-bsc
uns-pmf:I322,polimi:063150,polimi-ecs-bsc
uns-pmf:I322,polimi:063579,polimi-ecs-bsc
uns-pmf:I322,polimi:082746,polimi-ecs-bsc
uns-pmf:I322,polimi:089020,polimi-ecs-bsc
uns-pmf:I342,polimi:051230,polimi-ecs-bsc
uns-pmf:I342,polimi:052512,polimi-ecs-bsc
uns-pmf:I342,polimi:082740,polimi-ecs-bsc
uns-pmf:I342,polimi:085903,polimi-ecs-bsc
uns-pmf:I342,polimi:086067,polimi-ecs-bsc
uns-pmf:I342,polimi:089013,polimi-ecs-bsc
uns-pmf:I342,polimi:099319,polimi-ecs-bsc
uns-pmf:I364,polimi:051230,polimi-ecs-bsc
uns-pmf:I364,polimi:054303,polimi-ecs-bsc
uns-pmf:I364,polimi:054304,polimi-ecs-bsc
uns-pmf:I364,polimi:054305,polimi-ecs-bsc
uns-pmf:I364,polimi:056889,polimi-ecs-bsc
uns-pmf:I364,polimi:059430,polimi-ecs-bsc
uns-pmf:I364,polimi:063149,polimi-ecs-bsc
uns-pmf:I364,polimi:085879,polimi-ecs-bsc
uns-pmf:I364,polimi:085905,polimi-ecs-bsc
uns-pmf:I364,polimi:086067,polimi-ecs-bsc
uns-pmf:I364,polimi:099319,polimi-ecs-bsc
uns-pmf:I364,polimi:099322,polimi-ecs-bsc
uns-pmf:M-05,polimi:051289,polimi-ecs-bsc
uns-pmf:M-05,polimi:052511,polimi-ecs-bsc
uns-pmf:M-05,polimi:063149,polimi-ecs-bsc
uns-pmf:M-05,polimi:063150,polimi-ecs-bsc
uns-pmf:M-05,polimi:063579,polimi-ecs-bsc
uns-pmf:M-05,polimi:082746,polimi-ecs-bsc
uns-pmf:M-05,polimi:085887,polimi-ecs-bsc
uns-pmf:M-05,polimi:085903,polimi-ecs-bsc
uns-pmf:M3-22,polimi:051230,polimi-ecs-bsc
uns-pmf:M3-22,polimi:051289,polimi-ecs-bsc
uns-pmf:M3-22,polimi:052425,polimi-ecs-bsc
uns-pmf:M3-22,polimi:056889,polimi-ecs-bsc
uns-pmf:M3-22,polimi:059430,polimi-ecs-bsc
uns-pmf:M3-22,polimi:063150,polimi-ecs-bsc
uns-pmf:M3-22,polimi:063579,polimi-ecs-bsc
uns-pmf:M3-22,polimi:082740,polimi-ecs-bsc
uns-pmf:M3-22,polimi:088804,polimi-ecs-bsc
uns-pmf:M3-22,polimi:099319,polimi-ecs-bsc
uns-pmf:M3-23,polimi:051230,polimi-ecs-bsc
uns-pmf:M3-23,polimi:051289,polimi-ecs-bsc
uns-pmf:M3-23,polimi:056889,polimi-ecs-bsc
uns-pmf:M3-23,polimi:063149,polimi-ecs-bsc
uns-pmf:M3-23,polimi:063150,polimi-ecs-bsc
uns-pmf:M3-23,polimi:063579,polimi-ecs-bsc
uns-pmf:M3-23,polimi:082740,polimi-ecs-bsc
uns-pmf:M3-23,polimi:085746,polimi-ecs-bsc
uns-pmf:M3-23,polimi:085887,polimi-ecs-bsc
uns-pmf:M3-23,polimi:085905,polimi-ecs-bsc
uns-pmf:M3-23,polimi:089020,polimi-ecs-bsc
uns-pmf:M3-23,polimi:099319,polimi-ecs-bsc
uns-pmf:I021,tudelft:CSE11B,tudelft-cse-bsc
uns-pmf:I021,tudelft:CSE11C,tudelft-cse-bsc
uns-pmf:I021,tudelft:CSE12A,tudelft-cse-bsc
uns-pmf:I021,tudelft:CSE12C,tudelft-cse-bsc
uns-pmf:I021,tudelft:CSE13C,tudelft-cse-bsc
uns-pmf:I021,tudelft:CSE2120,tudelft-cse-bsc
uns-pmf:I021,tudelft:CSE2215,tudelft-cse-bsc
uns-pmf:I021,tudelft:CSE2310,tudelft-cse-bsc
uns-pmf:I021,tudelft:CSE2520,tudelft-cse-bsc
uns-pmf:I021,tudelft:CSE3100,tudelft-cse-bsc
uns-pmf:I032,tudelft:CSE11A,tudelft-cse-bsc
uns-pmf:I032,tudelft:CSE11B,tudelft-cse-bsc
uns-pmf:I032,tudelft:CSE13B,tudelft-cse-bsc
uns-pmf:I032,tudelft:CSE13C,tudelft-cse-bsc
uns-pmf:I032,tudelft:CSE2115,tudelft-cse-bsc
uns-pmf:I032,tudelft:CSE2120,tudelft-cse-bsc
uns-pmf:I032,tudelft:CSE2215,tudelft-cse-bsc
uns-pmf:I032,tudelft:CSE2425,tudelft-cse-bsc
uns-pmf:I032,tudelft:CSE3100,tudelft-cse-bsc
uns-pmf:I034,tudelft:CSE12A,tudelft-cse-bsc
uns-pmf:I034,tudelft:CSE13C,tudelft-cse-bsc
uns-pmf:I034,tudelft:CSE14A,tudelft-cse-bsc
uns-pmf:I034,tudelft:CSE2310,tudelft-cse-bsc
uns-pmf:I034,tudelft:CSE2315,tudelft-cse-bsc
uns-pmf:I034,tudelft:CSE2525,tudelft-cse-bsc
uns-pmf:I034,tudelft:CSE3300,tudelft-cse-bsc
uns-pmf:I052,tudelft:CSE11B,tudelft-cse-bsc
uns-pmf:I052,tudelft:CSE12B,tudelft-cse-bsc
uns-pmf:I052,tudelft:CSE12C,tudelft-cse-bsc
uns-pmf:I052,tudelft:CSE13B,tudelft-cse-bsc
uns-pmf:I052,tudelft:CSE2115,tudelft-cse-bsc
uns-pmf:I052,tudelft:CSE2120,tudelft-cse-bsc
uns-pmf:I052,tudelft:CSE2215,tudelft-cse-bsc
uns-pmf:I052,tudelft:CSE2420,tudelft-cse-bsc
uns-pmf:I052,tudelft:CSE3220,tudelft-cse-bsc
uns-pmf:I052,tudelft:CSE3500,tudelft-cse-bsc
uns-pmf:I111,tudelft:CSE11A,tudelft-cse-bsc
uns-pmf:I111,tudelft:CSE11B,tudelft-cse-bsc
uns-pmf:I111,tudelft:CSE11C,tudelft-cse-bsc
uns-pmf:I111,tudelft:CSE12A,tudelft-cse-bsc
uns-pmf:I111,tudelft:CSE13A,tudelft-cse-bsc
uns-pmf:I111,tudelft:CSE2120,tudelft-cse-bsc
uns-pmf:I111,tudelft:CSE2215,tudelft-cse-bsc
uns-pmf:I111,tudelft:CSE2315,tudelft-cse-bsc
uns-pmf:I111,tudelft:CSE2525,tudelft-cse-bsc
uns-pmf:I111,tudelft:CSE3300,tudelft-cse-bsc
uns-pmf:I143,tudelft:CSE11C,tudelft-cse-bsc
uns-pmf:I143,tudelft:CSE12A,tudelft-cse-bsc
uns-pmf:I143,tudelft:CSE13A,tudelft-cse-bsc
uns-pmf:I143,tudelft:CSE13C,tudelft-cse-bsc
uns-pmf:I143,tudelft:CSE14A,tudelft-cse-bsc
uns-pmf:I143,tudelft:CSE2215,tudelft-cse-bsc
uns-pmf:I143,tudelft:CSE2220,tudelft-cse-bsc
uns-pmf:I143,tudelft:CSE2525,tudelft-cse-bsc
uns-pmf:I143,tudelft:CSE3130,tudelft-cse-bsc
uns-pmf:I151,tudelft:CSE11B,tudelft-cse-bsc
uns-pmf:I151,tudelft:CSE12B,tudelft-cse-bsc
uns-pmf:I151,tudelft:CSE12C,tudelft-cse-bsc
uns-pmf:I151,tudelft:CSE2120,tudelft-cse-bsc
uns-pmf:I151,tudelft:CSE2425,tudelft-cse-bsc
uns-pmf:I151,tudelft:CSE2510,tudelft-cse-bsc
uns-pmf:I151,tudelft:CSE2530,tudelft-cse-bsc
uns-pmf:I151,tudelft:CSE3210,tudelft-cse-bsc
uns-pmf:I151,tudelft:CSE3300,tudelft-cse-bsc
uns-pmf:I162,tudelft:CSE11B,tudelft-cse-bsc
uns-pmf:I162,tudelft:CSE11C,tudelft-cse-bsc
uns-pmf:I162,tudelft:CSE12A,tudelft-cse-bsc
uns-pmf:I162,tudelft:CSE13A,tudelft-cse-bsc
uns-pmf:I162,tudelft:CSE14A,tudelft-cse-bsc
uns-pmf:I162,tudelft:CSE2215,tudelft-cse-bsc
uns-pmf:I162,tudelft:CSE2230,tudelft-cse-bsc
uns-pmf:I162,tudelft:CSE2420,tudelft-cse-bsc
uns-pmf:I162,tudelft:CSE2525,tudelft-cse-bsc
uns-pmf:I162,tudelft:CSE2530,tudelft-cse-bsc
uns-pmf:I162,tudelft:CSE3300,tudelft-cse-bsc
uns-pmf:I211,tudelft:CSE11A,tudelft-cse-bsc
uns-pmf:I211,tudelft:CSE11B,tudelft-cse-bsc
uns-pmf:I211,tudelft:CSE11C,tudelft-cse-bsc
uns-pmf:I211,tudelft:CSE12A,tudelft-cse-bsc
uns-pmf:I211,tudelft:CSE12C,tudelft-cse-bsc
uns-pmf:I211,tudelft:CSE13A,tudelft-cse-bsc
uns-pmf:I211,tudelft:CSE13C,tudelft-cse-bsc
uns-pmf:I211,tudelft:CSE2120,tudelft-cse-bsc
uns-pmf:I211,tudelft:CSE2215,tudelft-cse-bsc
uns-pmf:I211,tudelft:CSE2315,tudelft-cse-bsc
uns-pmf:I242,tudelft:CSE11B,tudelft-cse-bsc
uns-pmf:I242,tudelft:CSE11C,tudelft-cse-bsc
uns-pmf:I242,tudelft:CSE12C,tudelft-cse-bsc
uns-pmf:I242,tudelft:CSE14B,tudelft-cse-bsc
uns-pmf:I242,tudelft:CSE2120,tudelft-cse-bsc
uns-pmf:I242,tudelft:CSE2215,tudelft-cse-bsc
uns-pmf:I242,tudelft:CSE2220,tudelft-cse-bsc
uns-pmf:I242,tudelft:CSE2420,tudelft-cse-bsc
uns-pmf:I242,tudelft:CSE2430,tudelft-cse-bsc
uns-pmf:I242,tudelft:CSE3500,tudelft-cse-bsc
uns-pmf:I251,tudelft:CSE100,tudelft-cse-bsc
uns-pmf:I251,tudelft:CSE11B,tudelft-cse-bsc
uns-pmf:I251,tudelft:CSE12B,tudelft-cse-bsc
uns-pmf:I251,tudelft:CSE13B,tudelft-cse-bsc
uns-pmf:I251,tudelft:CSE2000,tudelft-cse-bsc
uns-pmf:I251,tudelft:CSE2115,tudelft-cse-bsc
uns-pmf:I251,tudelft:CSE3500,tudelft-cse-bsc
uns-pmf:I262,tudelft:CSE100,tudelft-cse-bsc
uns-pmf:I262,tudelft:CSE11B,tudelft-cse-bsc
uns-pmf:I262,tudelft:CSE12B,tudelft-cse-bsc
uns-pmf:I262,tudelft:CSE12C,tudelft-cse-bsc
uns-pmf:I262,tudelft:CSE13B,tudelft-cse-bsc
uns-pmf:I262,tudelft:CSE13C,tudelft-cse-bsc
uns-pmf:I262,tudelft:CSE2000,tudelft-cse-bsc
uns-pmf:I262,tudelft:CSE2115,tudelft-cse-bsc
uns-pmf:I262,tudelft:CSE3220,tudelft-cse-bsc
uns-pmf:I262,tudelft:CSE3500,tudelft-cse-bsc
uns-pmf:I263,tudelft:CSE11B,tudelft-cse-bsc
uns-pmf:I263,tudelft:CSE12B,tudelft-cse-bsc
uns-pmf:I263,tudelft:CSE12C,tudelft-cse-bsc
uns-pmf:I263,tudelft:CSE2115,tudelft-cse-bsc
uns-pmf:I263,tudelft:CSE2120,tudelft-cse-bsc
uns-pmf:I263,tudelft:CSE2220,tudelft-cse-bsc
uns-pmf:I263,tudelft:CSE2230,tudelft-cse-bsc
uns-pmf:I263,tudelft:CSE3100,tudelft-cse-bsc
uns-pmf:I263,tudelft:CSE3220,tudelft-cse-bsc
uns-pmf:I263,tudelft:CSE3500,tudelft-cse-bsc
uns-pmf:I321,tudelft:CSE11A,tudelft-cse-bsc
uns-pmf:I321,tudelft:CSE11B,tudelft-cse-bsc
uns-pmf:I321,tudelft:CSE11C,tudelft-cse-bsc
uns-pmf:I321,tudelft:CSE14B,tudelft-cse-bsc
uns-pmf:I321,tudelft:CSE2220,tudelft-cse-bsc
uns-pmf:I321,tudelft:CSE2225,tudelft-cse-bsc
uns-pmf:I321,tudelft:CSE2420,tudelft-cse-bsc
uns-pmf:I321,tudelft:CSE2425,tudelft-cse-bsc
uns-pmf:I321,tudelft:CSE2430,tudelft-cse-bsc
uns-pmf:I321,tudelft:CSE3130,tudelft-cse-bsc
uns-pmf:I322,tudelft:CSE100,tudelft-cse-bsc
uns-pmf:I322,tudelft:CSE11B,tudelft-cse-bsc
uns-pmf:I322,tudelft:CSE12C,tudelft-cse-bsc
uns-pmf:I322,tudelft:CSE13B,tudelft-cse-bsc
uns-pmf:I322,tudelft:CSE2000,tudelft-cse-bsc
uns-pmf:I322,tudelft:CSE2115,tudelft-cse-bsc
uns-pmf:I322,tudelft:CSE2120,tudelft-cse-bsc
uns-pmf:I322,tudelft:CSE2425,tudelft-cse-bsc
uns-pmf:I322,tudelft:CSE3000,tudelft-cse-bsc
uns-pmf:I322,tudelft:CSE3220,tudelft-cse-bsc
uns-pmf:I322,tudelft:CSE3500,tudelft-cse-bsc
uns-pmf:I342,tudelft:CSE13A,tudelft-cse-bsc
uns-pmf:I342,tudelft:CSE13C,tudelft-cse-bsc
uns-pmf:I342,tudelft:CSE14A,tudelft-cse-bsc
uns-pmf:I342,tudelft:CSE2310,tudelft-cse-bsc
uns-pmf:I342,tudelft:CSE2315,tudelft-cse-bsc
uns-pmf:I342,tudelft:CSE2520,tudelft-cse-bsc
uns-pmf:I342,tudelft:CSE2525,tudelft-cse-bsc
uns-pmf:I342,tudelft:CSE3300,tudelft-cse-bsc
uns-pmf:I364,tudelft:CSE11B,tudelft-cse-bsc
uns-pmf:I364,tudelft:CSE11C,tudelft-cse-bsc
uns-pmf:I364,tudelft:CSE14B,tudelft-cse-bsc
uns-pmf:I364,tudelft:CSE2120,tudelft-cse-bsc
uns-pmf:I364,tudelft:CSE2220,tudelft-cse-bsc
uns-pmf:I364,tudelft:CSE2315,tudelft-cse-bsc
uns-pmf:I364,tudelft:CSE2420,tudelft-cse-bsc
uns-pmf:I364,tudelft:CSE2430,tudelft-cse-bsc
uns-pmf:I364,tudelft:CSE3130,tudelft-cse-bsc
uns-pmf:I364,tudelft:CSE3220,tudelft-cse-bsc
uns-pmf:I364,tudelft:CSE3300,tudelft-cse-bsc
uns-pmf:M-05,tudelft:CSE100,tudelft-cse-bsc
uns-pmf:M-05,tudelft:CSE11A,tudelft-cse-bsc
uns-pmf:M-05,tudelft:CSE11B,tudelft-cse-bsc
uns-pmf:M-05,tudelft:CSE11C,tudelft-cse-bsc
uns-pmf:M-05,tudelft:CSE12C,tudelft-cse-bsc
uns-pmf:M-05,tudelft:CSE13B,tudelft-cse-bsc
uns-pmf:M-05,tudelft:CSE2000,tudelft-cse-bsc
uns-pmf:M-05,tudelft:CSE2115,tudelft-cse-bsc
uns-pmf:M-05,tudelft:CSE2120,tudelft-cse-bsc
uns-pmf:M-05,tudelft:CSE2215,tudelft-cse-bsc
uns-pmf:M-05,tudelft:CSE3100,tudelft-cse-bsc
uns-pmf:M3-22,tudelft:CSE11A,tudelft-cse-bsc
uns-pmf:M3-22,tudelft:CSE11C,tudelft-cse-bsc
uns-pmf:M3-22,tudelft:CSE12A,tudelft-cse-bsc
uns-pmf:M3-22,tudelft:CSE13A,tudelft-cse-bsc
uns-pmf:M3-22,tudelft:CSE13B,tudelft-cse-bsc
uns-pmf:M3-22,tudelft:CSE2000,tudelft-cse-bsc
uns-pmf:M3-22,tudelft:CSE2115,tudelft-cse-bsc
uns-pmf:M3-22,tudelft:CSE2120,tudelft-cse-bsc
uns-pmf:M3-22,tudelft:CSE2215,tudelft-cse-bsc
uns-pmf:M3-22,tudelft:CSE2310,tudelft-cse-bsc
uns-pmf:M3-22,tudelft:CSE2510,tudelft-cse-bsc
uns-pmf:M3-22,tudelft:CSE3300,tudelft-cse-bsc
uns-pmf:M3-23,tudelft:CSE11B,tudelft-cse-bsc
uns-pmf:M3-23,tudelft:CSE11C,tudelft-cse-bsc
uns-pmf:M3-23,tudelft:CSE12A,tudelft-cse-bsc
uns-pmf:M3-23,tudelft:CSE13A,tudelft-cse-bsc
uns-pmf:M3-23,tudelft:CSE13B,tudelft-cse-bsc
uns-pmf:M3-23,tudelft:CSE14A,tudelft-cse-bsc
uns-pmf:M3-23,tudelft:CSE14B,tudelft-cse-bsc
uns-pmf:M3-23,tudelft:CSE2000,tudelft-cse-bsc
uns-pmf:M3-23,tudelft:CSE2115,tudelft-cse-bsc
uns-pmf:M3-23,tudelft:CSE2215,tudelft-cse-bsc
uns-pmf:M3-23,tudelft:CSE2430,tudelft-cse-bsc
uns-pmf:M3-23,tudelft:CSE2510,tudelft-cse-bsc
uns-pmf:M3-23,tudelft:CSE3000,tudelft-cse-bsc
uns-pmf:M3-23,tudelft:CSE3130,tudelft-cse-bsc
uns-pmf:I021,utwente:202001363,utwente-am-bsc
uns-pmf:I021,utwente:202200141,utwente-am-bsc
uns-pmf:I021,utwente:202200142,utwente-am-bsc
uns-pmf:I021,utwente:202200236,utwente-am-bsc
uns-pmf:I021,utwente:202200241,utwente-am-bsc
uns-pmf:I021,utwente:202200338,utwente-am-bsc
uns-pmf:I021,utwente:202200339,utwente-am-bsc
uns-pmf:I021,utwente:202400634,utwente-am-bsc
uns-pmf:I021,utwente:202500367,utwente-am-bsc
uns-pmf:I021,utwente:202500369,utwente-am-bsc
uns-pmf:I032,utwente:202001363,utwente-am-bsc
uns-pmf:I032,utwente:202200142,utwente-am-bsc
uns-pmf:I032,utwente:202200239,utwente-am-bsc
uns-pmf:I032,utwente:202200243,utwente-am-bsc
uns-pmf:I032,utwente:202200338,utwente-am-bsc
uns-pmf:I032,utwente:202200339,utwente-am-bsc
uns-pmf:I032,utwente:202300028,utwente-am-bsc
uns-pmf:I032,utwente:202500367,utwente-am-bsc
uns-pmf:I032,utwente:202500368,utwente-am-bsc
uns-pmf:I034,utwente:202001193,utwente-am-bsc
uns-pmf:I034,utwente:202001234,utwente-am-bsc
uns-pmf:I034,utwente:202001363,utwente-am-bsc
uns-pmf:I034,utwente:202400631,utwente-am-bsc
uns-pmf:I034,utwente:202500366,utwente-am-bsc
uns-pmf:I034,utwente:202500367,utwente-am-bsc
uns-pmf:I034,utwente:202500368,utwente-am-bsc
uns-pmf:I052,utwente:202001215,utwente-am-bsc
uns-pmf:I052,utwente:202200142,utwente-am-bsc
uns-pmf:I052,utwente:202200243,utwente-am-bsc
uns-pmf:I052,utwente:202200338,utwente-am-bsc
uns-pmf:I052,utwente:202200339,utwente-am-bsc
uns-pmf:I052,utwente:202300157,utwente-am-bsc
uns-pmf:I052,utwente:202400635,utwente-am-bsc
uns-pmf:I052,utwente:202400636,utwente-am-bsc
uns-pmf:I052,utwente:202500368,utwente-am-bsc
uns-pmf:I111,utwente:201600167,utwente-am-bsc
uns-pmf:I111,utwente:202001193,utwente-am-bsc
uns-pmf:I111,utwente:202001215,utwente-am-bsc
uns-pmf:I111,utwente:202001234,utwente-am-bsc
uns-pmf:I111,utwente:202200141,utwente-am-bsc
uns-pmf:I111,utwente:202300018,utwente-am-bsc
uns-pmf:I111,utwente:202500460,utwente-am-bsc
uns-pmf:I143,utwente:202001237,utwente-am-bsc
uns-pmf:I143,utwente:202200141,utwente-am-bsc
uns-pmf:I143,utwente:202200148,utwente-am-bsc
uns-pmf:I143,utwente:202200236,utwente-am-bsc
uns-pmf:I143,utwente:202200238,utwente-am-bsc
uns-pmf:I143,utwente:202200241,utwente-am-bsc
uns-pmf:I143,utwente:202300027,utwente-am-bsc
uns-pmf:I143,utwente:202500369,utwente-am-bsc
uns-pmf:I151,utwente:201600167,utwente-am-bsc
uns-pmf:I151,utwente:202001234,utwente-am-bsc
uns-pmf:I151,utwente:202001363,utwente-am-bsc
uns-pmf:I151,utwente:202200141,utwente-am-bsc
uns-pmf:I151,utwente:202200142,utwente-am-bsc
uns-pmf:I151,utwente:202200239,utwente-am-bsc
uns-pmf:I151,utwente:202200339,utwente-am-bsc
uns-pmf:I151,utwente:202300028,utwente-am-bsc
uns-pmf:I151,utwente:202400634,utwente-am-bsc
uns-pmf:I151,utwente:202400635,utwente-am-bsc
uns-pmf:I162,utwente:201600167,utwente-am-bsc
uns-pmf:I162,utwente:202001201,utwente-am-bsc
uns-pmf:I162,utwente:202001215,utwente-am-bsc
uns-pmf:I162,utwente:202200142,utwente-am-bsc
uns-pmf:I162,utwente:202200241,utwente-am-bsc
uns-pmf:I162,utwente:202200243,utwente-am-bsc
uns-pmf:I162,utwente:202300055,utwente-am-bsc
uns-pmf:I162,utwente:202300157,utwente-am-bsc
uns-pmf:I162,utwente:202400632,utwente-am-bsc
uns-pmf:I162,utwente:202400636,utwente-am-bsc
uns-pmf:I162,utwente:202500460,utwente-am-bsc
uns-pmf:I211,utwente:201600167,utwente-am-bsc
uns-pmf:I211,utwente:202001193,utwente-am-bsc
uns-pmf:I211,utwente:202001234,utwente-am-bsc
uns-pmf:I211,utwente:202001237,utwente-am-bsc
uns-pmf:I211,utwente:202200141,utwente-am-bsc
uns-pmf:I211,utwente:202200239,utwente-am-bsc
uns-pmf:I211,utwente:202500366,utwente-am-bsc
uns-pmf:I211,utwente:202500368,utwente-am-bsc
uns-pmf:I211,utwente:202500460,utwente-am-bsc
uns-pmf:I242,utwente:201600167,utwente-am-bsc
uns-pmf:I242,utwente:202001234,utwente-am-bsc
uns-pmf:I242,utwente:202200142,utwente-am-bsc
uns-pmf:I242,utwente:202200236,utwente-am-bsc
uns-pmf:I242,utwente:202200239,utwente-am-bsc
uns-pmf:I242,utwente:202200243,utwente-am-bsc
uns-pmf:I242,utwente:202200338,utwente-am-bsc
uns-pmf:I242,utwente:202200339,utwente-am-bsc
uns-pmf:I242,utwente:202500367,utwente-am-bsc
uns-pmf:I242,utwente:202500368,utwente-am-bsc
uns-pmf:I242,utwente:202500559,utwente-am-bsc
uns-pmf:I251,utwente:202200142,utwente-am-bsc
uns-pmf:I251,utwente:202200239,utwente-am-bsc
uns-pmf:I251,utwente:202200243,utwente-am-bsc
uns-pmf:I251,utwente:202200338,utwente-am-bsc
uns-pmf:I251,utwente:202200339,utwente-am-bsc
uns-pmf:I251,utwente:202300018,utwente-am-bsc
uns-pmf:I251,utwente:202300028,utwente-am-bsc
uns-pmf:I251,utwente:202300156,utwente-am-bsc
uns-pmf:I251,utwente:202300196,utwente-am-bsc
uns-pmf:I251,utwente:202400633,utwente-am-bsc
uns-pmf:I251,utwente:202400634,utwente-am-bsc
uns-pmf:I251,utwente:202400636,utwente-am-bsc
uns-pmf:I262,utwente:202001215,utwente-am-bsc
uns-pmf:I262,utwente:202001363,utwente-am-bsc
uns-pmf:I262,utwente:202200142,utwente-am-bsc
uns-pmf:I262,utwente:202200236,utwente-am-bsc
uns-pmf:I262,utwente:202200239,utwente-am-bsc
uns-pmf:I262,utwente:202200243,utwente-am-bsc
uns-pmf:I262,utwente:202200339,utwente-am-bsc
uns-pmf:I262,utwente:202300156,utwente-am-bsc
uns-pmf:I262,utwente:202300157,utwente-am-bsc
uns-pmf:I262,utwente:202400633,utwente-am-bsc
uns-pmf:I262,utwente:202400635,utwente-am-bsc
uns-pmf:I262,utwente:202400636,utwente-am-bsc
uns-pmf:I262,utwente:202500367,utwente-am-bsc
uns-pmf:I262,utwente:202500368,utwente-am-bsc
uns-pmf:I262,utwente:202500369,utwente-am-bsc
uns-pmf:I263,utwente:201600167,utwente-am-bsc
uns-pmf:I263,utwente:202001363,utwente-am-bsc
uns-pmf:I263,utwente:202200141,utwente-am-bsc
uns-pmf:I263,utwente:202200142,utwente-am-bsc
uns-pmf:I263,utwente:202200239,utwente-am-bsc
uns-pmf:I263,utwente:202200243,utwente-am-bsc
uns-pmf:I263,utwente:202200338,utwente-am-bsc
uns-pmf:I263,utwente:202200339,utwente-am-bsc
uns-pmf:I263,utwente:202300028,utwente-am-bsc
uns-pmf:I263,utwente:202300055,utwente-am-bsc
uns-pmf:I263,utwente:202300157,utwente-am-bsc
uns-pmf:I263,utwente:202400660,utwente-am-bsc
uns-pmf:I263,utwente:202500368,utwente-am-bsc
uns-pmf:I321,utwente:201600167,utwente-am-bsc
uns-pmf:I321,utwente:202001193,utwente-am-bsc
uns-pmf:I321,utwente:202001215,utwente-am-bsc
uns-pmf:I321,utwente:202001234,utwente-am-bsc
uns-pmf:I321,utwente:202001237,utwente-am-bsc
uns-pmf:I321,utwente:202200243,utwente-am-bsc
uns-pmf:I321,utwente:202200338,utwente-am-bsc
uns-pmf:I321,utwente:202300055,utwente-am-bsc
uns-pmf:I321,utwente:202300157,utwente-am-bsc
uns-pmf:I321,utwente:202500559,utwente-am-bsc
uns-pmf:I322,utwente:202001234,utwente-am-bsc
uns-pmf:I322,utwente:202200142,utwente-am-bsc
uns-pmf:I322,utwente:202200239,utwente-am-bsc
uns-pmf:I322,utwente:202200243,utwente-am-bsc
uns-pmf:I322,utwente:202200339,utwente-am-bsc
uns-pmf:I322,utwente:202300028,utwente-am-bsc
uns-pmf:I322,utwente:202300156,utwente-am-bsc
uns-pmf:I322,utwente:202300196,utwente-am-bsc
uns-pmf:I322,utwente:202400635,utwente-am-bsc
uns-pmf:I322,utwente:202400636,utwente-am-bsc
uns-pmf:I342,utwente:202001234,utwente-am-bsc
uns-pmf:I342,utwente:202001363,utwente-am-bsc
uns-pmf:I342,utwente:202400631,utwente-am-bsc
uns-pmf:I342,utwente:202500366,utwente-am-bsc
uns-pmf:I342,utwente:202500367,utwente-am-bsc
uns-pmf:I364,utwente:202001237,utwente-am-bsc
uns-pmf:I364,utwente:202200141,utwente-am-bsc
uns-pmf:I364,utwente:202200236,utwente-am-bsc
uns-pmf:I364,utwente:202200241,utwente-am-bsc
uns-pmf:I364,utwente:202300027,utwente-am-bsc
uns-pmf:I364,utwente:202300028,utwente-am-bsc
uns-pmf:I364,utwente:202400631,utwente-am-bsc
uns-pmf:I364,utwente:202400632,utwente-am-bsc
uns-pmf:I364,utwente:202400634,utwente-am-bsc
uns-pmf:I364,utwente:202500366,utwente-am-bsc
uns-pmf:I364,utwente:202500367,utwente-am-bsc
uns-pmf:I364,utwente:202500369,utwente-am-bsc
uns-pmf:M-05,utwente:201600167,utwente-am-bsc
uns-pmf:M-05,utwente:202001193,utwente-am-bsc
uns-pmf:M-05,utwente:202001234,utwente-am-bsc
uns-pmf:M-05,utwente:202001379,utwente-am-bsc
uns-pmf:M-05,utwente:202001385,utwente-am-bsc
uns-pmf:M-05,utwente:202200141,utwente-am-bsc
uns-pmf:M-05,utwente:202200179,utwente-am-bsc
uns-pmf:M-05,utwente:202200236,utwente-am-bsc
uns-pmf:M-05,utwente:202300018,utwente-am-bsc
uns-pmf:M-05,utwente:202400348,utwente-am-bsc
uns-pmf:M-05,utwente:202400633,utwente-am-bsc
uns-pmf:M-05,utwente:202500368,utwente-am-bsc
uns-pmf:M-05,utwente:202500369,utwente-am-bsc
uns-pmf:M-05,utwente:202500380,utwente-am-bsc
uns-pmf:M3-22,utwente:201600167,utwente-am-bsc
uns-pmf:M3-22,utwente:202001379,utwente-am-bsc
uns-pmf:M3-22,utwente:202001380,utwente-am-bsc
uns-pmf:M3-22,utwente:202200141,utwente-am-bsc
uns-pmf:M3-22,utwente:202200142,utwente-am-bsc
uns-pmf:M3-22,utwente:202200179,utwente-am-bsc
uns-pmf:M3-22,utwente:202200243,utwente-am-bsc
uns-pmf:M3-22,utwente:202300018,utwente-am-bsc
uns-pmf:M3-22,utwente:202300026,utwente-am-bsc
uns-pmf:M3-22,utwente:202300055,utwente-am-bsc
uns-pmf:M3-22,utwente:202300157,utwente-am-bsc
uns-pmf:M3-22,utwente:202400348,utwente-am-bsc
uns-pmf:M3-22,utwente:202400660,utwente-am-bsc
uns-pmf:M3-22,utwente:202500369,utwente-am-bsc
uns-pmf:M3-22,utwente:202500380,utwente-am-bsc
uns-pmf:M3-22,utwente:202500460,utwente-am-bsc
uns-pmf:M3-23,utwente:201500405,utwente-am-bsc
uns-pmf:M3-23,utwente:201600167,utwente-am-bsc
uns-pmf:M3-23,utwente:202001237,utwente-am-bsc
uns-pmf:M3-23,utwente:202001344,utwente-am-bsc
uns-pmf:M3-23,utwente:202001379,utwente-am-bsc
uns-pmf:M3-23,utwente:202200141,utwente-am-bsc
uns-pmf:M3-23,utwente:202200338,utwente-am-bsc
uns-pmf:M3-23,utwente:202300018,utwente-am-bsc
uns-pmf:M3-23,utwente:202300026,utwente-am-bsc
uns-pmf:M3-23,utwente:202300055,utwente-am-bsc
uns-pmf:M3-23,utwente:202300156,utwente-am-bsc
uns-pmf:M3-23,utwente:202300157,utwente-am-bsc
uns-pmf:M3-23,utwente:202400631,utwente-am-bsc
uns-pmf:M3-23,utwente:202400633,utwente-am-bsc
uns-pmf:M3-23,utwente:202400636,utwente-am-bsc
uns-pmf:M3-23,utwente:202400660,utwente-am-bsc
uns-pmf:M3-23,utwente:202500366,utwente-am-bsc
uns-pmf:M3-23,utwente:202500380,utwente-am-bsc
uns-pmf:I021,utwente:202200021,utwente-tcs-bsc
uns-pmf:I021,utwente:202300357,utwente-tcs-bsc
uns-pmf:I021,utwente:202400444,utwente-tcs-bsc
uns-pmf:I021,utwente:202500331,utwente-tcs-bsc
uns-pmf:I021,utwente:202500342,utwente-tcs-bsc
uns-pmf:I021,utwente:202500343,utwente-tcs-bsc
uns-pmf:I021,utwente:202500352,utwente-tcs-bsc
uns-pmf:I021,utwente:202500356,utwente-tcs-bsc
uns-pmf:I021,utwente:202500568,utwente-tcs-bsc
uns-pmf:I032,utwente:202300357,utwente-tcs-bsc
uns-pmf:I032,utwente:202400444,utwente-tcs-bsc
uns-pmf:I032,utwente:202500342,utwente-tcs-bsc
uns-pmf:I032,utwente:202500343,utwente-tcs-bsc
uns-pmf:I032,utwente:202500344,utwente-tcs-bsc
uns-pmf:I032,utwente:202500352,utwente-tcs-bsc
uns-pmf:I032,utwente:202500568,utwente-tcs-bsc
uns-pmf:I034,utwente:202001033,utwente-tcs-bsc
uns-pmf:I034,utwente:202001041,utwente-tcs-bsc
uns-pmf:I034,utwente:202001045,utwente-tcs-bsc
uns-pmf:I034,utwente:202001047,utwente-tcs-bsc
uns-pmf:I034,utwente:202500331,utwente-tcs-bsc
uns-pmf:I034,utwente:202500333,utwente-tcs-bsc
uns-pmf:I034,utwente:202500342,utwente-tcs-bsc
uns-pmf:I034,utwente:202500361,utwente-tcs-bsc
uns-pmf:I052,utwente:202200022,utwente-tcs-bsc
uns-pmf:I052,utwente:202400444,utwente-tcs-bsc
uns-pmf:I052,utwente:202400783,utwente-tcs-bsc
uns-pmf:I052,utwente:202500332,utwente-tcs-bsc
uns-pmf:I052,utwente:202500341,utwente-tcs-bsc
uns-pmf:I052,utwente:202500351,utwente-tcs-bsc
uns-pmf:I052,utwente:202500356,utwente-tcs-bsc
uns-pmf:I052,utwente:202500357,utwente-tcs-bsc
uns-pmf:I052,utwente:202500358,utwente-tcs-bsc
uns-pmf:I052,utwente:202500362,utwente-tcs-bsc
uns-pmf:I111,utwente:202200022,utwente-tcs-bsc
uns-pmf:I111,utwente:202300357,utwente-tcs-bsc
uns-pmf:I111,utwente:202400444,utwente-tcs-bsc
uns-pmf:I111,utwente:202400608,utwente-tcs-bsc
uns-pmf:I111,utwente:202500331,utwente-tcs-bsc
uns-pmf:I111,utwente:202500333,utwente-tcs-bsc
uns-pmf:I111,utwente:202500361,utwente-tcs-bsc
uns-pmf:I111,utwente:202500568,utwente-tcs-bsc
uns-pmf:I143,utwente:202001033,utwente-tcs-bsc
uns-pmf:I143,utwente:202001041,utwente-tcs-bsc
uns-pmf:I143,utwente:202001045,utwente-tcs-bsc
uns-pmf:I143,utwente:202001046,utwente-tcs-bsc
uns-pmf:I143,utwente:202001047,utwente-tcs-bsc
uns-pmf:I143,utwente:202500331,utwente-tcs-bsc
uns-pmf:I143,utwente:202500332,utwente-tcs-bsc
uns-pmf:I143,utwente:202500333,utwente-tcs-bsc
uns-pmf:I143,utwente:202500342,utwente-tcs-bsc
uns-pmf:I143,utwente:202500343,utwente-tcs-bsc
uns-pmf:I143,utwente:202500352,utwente-tcs-bsc
uns-pmf:I143,utwente:202500356,utwente-tcs-bsc
uns-pmf:I143,utwente:202500361,utwente-tcs-bsc
uns-pmf:I151,utwente:202200022,utwente-tcs-bsc
uns-pmf:I151,utwente:202200024,utwente-tcs-bsc
uns-pmf:I151,utwente:202200203,utwente-tcs-bsc
uns-pmf:I151,utwente:202500331,utwente-tcs-bsc
uns-pmf:I151,utwente:202500332,utwente-tcs-bsc
uns-pmf:I151,utwente:202500361,utwente-tcs-bsc
uns-pmf:I151,utwente:202500568,utwente-tcs-bsc
uns-pmf:I162,utwente:202001033,utwente-tcs-bsc
uns-pmf:I162,utwente:202001047,utwente-tcs-bsc
uns-pmf:I162,utwente:202200024,utwente-tcs-bsc
uns-pmf:I162,utwente:202300357,utwente-tcs-bsc
uns-pmf:I162,utwente:202400444,utwente-tcs-bsc
uns-pmf:I162,utwente:202500331,utwente-tcs-bsc
uns-pmf:I162,utwente:202500341,utwente-tcs-bsc
uns-pmf:I162,utwente:202500342,utwente-tcs-bsc
uns-pmf:I162,utwente:202500343,utwente-tcs-bsc
uns-pmf:I162,utwente:202500356,utwente-tcs-bsc
uns-pmf:I162,utwente:202500361,utwente-tcs-bsc
uns-pmf:I162,utwente:202500362,utwente-tcs-bsc
uns-pmf:I162,utwente:202500568,utwente-tcs-bsc
uns-pmf:I211,utwente:202001047,utwente-tcs-bsc
uns-pmf:I211,utwente:202200022,utwente-tcs-bsc
uns-pmf:I211,utwente:202200024,utwente-tcs-bsc
uns-pmf:I211,utwente:202500331,utwente-tcs-bsc
uns-pmf:I211,utwente:202500332,utwente-tcs-bsc
uns-pmf:I211,utwente:202500333,utwente-tcs-bsc
uns-pmf:I211,utwente:202500343,utwente-tcs-bsc
uns-pmf:I211,utwente:202500356,utwente-tcs-bsc
uns-pmf:I211,utwente:202500361,utwente-tcs-bsc
uns-pmf:I211,utwente:202500568,utwente-tcs-bsc
uns-pmf:I242,utwente:202300357,utwente-tcs-bsc
uns-pmf:I242,utwente:202400783,utwente-tcs-bsc
uns-pmf:I242,utwente:202500333,utwente-tcs-bsc
uns-pmf:I242,utwente:202500356,utwente-tcs-bsc
uns-pmf:I242,utwente:202500357,utwente-tcs-bsc
uns-pmf:I242,utwente:202500358,utwente-tcs-bsc
uns-pmf:I251,utwente:202200022,utwente-tcs-bsc
uns-pmf:I251,utwente:202400444,utwente-tcs-bsc
uns-pmf:I251,utwente:202500341,utwente-tcs-bsc
uns-pmf:I251,utwente:202500342,utwente-tcs-bsc
uns-pmf:I251,utwente:202500343,utwente-tcs-bsc
uns-pmf:I251,utwente:202500344,utwente-tcs-bsc
uns-pmf:I251,utwente:202500351,utwente-tcs-bsc
uns-pmf:I251,utwente:202500353,utwente-tcs-bsc
uns-pmf:I251,utwente:202500354,utwente-tcs-bsc
uns-pmf:I262,utwente:202400444,utwente-tcs-bsc
uns-pmf:I262,utwente:202500332,utwente-tcs-bsc
uns-pmf:I262,utwente:202500342,utwente-tcs-bsc
uns-pmf:I262,utwente:202500343,utwente-tcs-bsc
uns-pmf:I262,utwente:202500344,utwente-tcs-bsc
uns-pmf:I262,utwente:202500351,utwente-tcs-bsc
uns-pmf:I262,utwente:202500352,utwente-tcs-bsc
uns-pmf:I262,utwente:202500353,utwente-tcs-bsc
uns-pmf:I262,utwente:202500354,utwente-tcs-bsc
uns-pmf:I263,utwente:202400444,utwente-tcs-bsc
uns-pmf:I263,utwente:202500342,utwente-tcs-bsc
uns-pmf:I263,utwente:202500343,utwente-tcs-bsc
uns-pmf:I263,utwente:202500351,utwente-tcs-bsc
uns-pmf:I263,utwente:202500352,utwente-tcs-bsc
uns-pmf:I263,utwente:202500353,utwente-tcs-bsc
uns-pmf:I263,utwente:202500354,utwente-tcs-bsc
uns-pmf:I321,utwente:202001041,utwente-tcs-bsc
uns-pmf:I321,utwente:202400444,utwente-tcs-bsc
uns-pmf:I321,utwente:202400783,utwente-tcs-bsc
uns-pmf:I321,utwente:202500333,utwente-tcs-bsc
uns-pmf:I321,utwente:202500346,utwente-tcs-bsc
uns-pmf:I321,utwente:202500356,utwente-tcs-bsc
uns-pmf:I321,utwente:202500357,utwente-tcs-bsc
uns-pmf:I321,utwente:202500358,utwente-tcs-bsc
uns-pmf:I321,utwente:202500361,utwente-tcs-bsc
uns-pmf:I321,utwente:202500568,utwente-tcs-bsc
uns-pmf:I322,utwente:202200024,utwente-tcs-bsc
uns-pmf:I322,utwente:202200201,utwente-tcs-bsc
uns-pmf:I322,utwente:202400444,utwente-tcs-bsc
uns-pmf:I322,utwente:202500341,utwente-tcs-bsc
uns-pmf:I322,utwente:202500342,utwente-tcs-bsc
uns-pmf:I322,utwente:202500343,utwente-tcs-bsc
uns-pmf:I322,utwente:202500344,utwente-tcs-bsc
uns-pmf:I322,utwente:202500353,utwente-tcs-bsc
uns-pmf:I322,utwente:202500354,utwente-tcs-bsc
uns-pmf:I322,utwente:202500357,utwente-tcs-bsc
uns-pmf:I322,utwente:202500358,utwente-tcs-bsc
uns-pmf:I342,utwente:202001045,utwente-tcs-bsc
uns-pmf:I342,utwente:202001046,utwente-tcs-bsc
uns-pmf:I342,utwente:202001047,utwente-tcs-bsc
uns-pmf:I342,utwente:202500331,utwente-tcs-bsc
uns-pmf:I342,utwente:202500332,utwente-tcs-bsc
uns-pmf:I342,utwente:202500333,utwente-tcs-bsc
uns-pmf:I342,utwente:202500342,utwente-tcs-bsc
uns-pmf:I342,utwente:202500352,utwente-tcs-bsc
uns-pmf:I342,utwente:202500361,utwente-tcs-bsc
uns-pmf:I364,utwente:202001033,utwente-tcs-bsc
uns-pmf:I364,utwente:202001045,utwente-tcs-bsc
uns-pmf:I364,utwente:202200022,utwente-tcs-bsc
uns-pmf:I364,utwente:202300357,utwente-tcs-bsc
uns-pmf:I364,utwente:202400444,utwente-tcs-bsc
uns-pmf:I364,utwente:202400608,utwente-tcs-bsc
uns-pmf:I364,utwente:202500331,utwente-tcs-bsc
uns-pmf:I364,utwente:202500332,utwente-tcs-bsc
uns-pmf:I364,utwente:202500333,utwente-tcs-bsc
uns-pmf:I364,utwente:202500334,utwente-tcs-bsc
uns-pmf:I364,utwente:202500346,utwente-tcs-bsc
uns-pmf:I364,utwente:202500347,utwente-tcs-bsc
uns-pmf:I364,utwente:202500361,utwente-tcs-bsc
uns-pmf:M-05,utwente:202001033,utwente-tcs-bsc
uns-pmf:M-05,utwente:202001041,utwente-tcs-bsc
uns-pmf:M-05,utwente:202001045,utwente-tcs-bsc
uns-pmf:M-05,utwente:202001046,utwente-tcs-bsc
uns-pmf:M-05,utwente:202200024,utwente-tcs-bsc
uns-pmf:M-05,utwente:202300357,utwente-tcs-bsc
uns-pmf:M-05,utwente:202400444,utwente-tcs-bsc
uns-pmf:M-05,utwente:202500331,utwente-tcs-bsc
uns-pmf:M-05,utwente:202500341,utwente-tcs-bsc
uns-pmf:M-05,utwente:202500342,utwente-tcs-bsc
uns-pmf:M-05,utwente:202500351,utwente-tcs-bsc
uns-pmf:M-05,utwente:202500354,utwente-tcs-bsc
uns-pmf:M-05,utwente:202500356,utwente-tcs-bsc
uns-pmf:M-05,utwente:202500568,utwente-tcs-bsc
uns-pmf:M3-22,utwente:202001033,utwente-tcs-bsc
uns-pmf:M3-22,utwente:202001046,utwente-tcs-bsc
uns-pmf:M3-22,utwente:202001047,utwente-tcs-bsc
uns-pmf:M3-22,utwente:202300357,utwente-tcs-bsc
uns-pmf:M3-22,utwente:202500331,utwente-tcs-bsc
uns-pmf:M3-22,utwente:202500333,utwente-tcs-bsc
uns-pmf:M3-22,utwente:202500342,utwente-tcs-bsc
uns-pmf:M3-22,utwente:202500352,utwente-tcs-bsc
uns-pmf:M3-22,utwente:202500353,utwente-tcs-bsc
uns-pmf:M3-22,utwente:202500354,utwente-tcs-bsc
uns-pmf:M3-22,utwente:202500361,utwente-tcs-bsc
uns-pmf:M3-22,utwente:202500362,utwente-tcs-bsc
uns-pmf:M3-22,utwente:202500568,utwente-tcs-bsc
uns-pmf:M3-23,utwente:202001033,utwente-tcs-bsc
uns-pmf:M3-23,utwente:202001041,utwente-tcs-bsc
uns-pmf:M3-23,utwente:202001046,utwente-tcs-bsc
uns-pmf:M3-23,utwente:202300357,utwente-tcs-bsc
uns-pmf:M3-23,utwente:202400444,utwente-tcs-bsc
uns-pmf:M3-23,utwente:202400591,utwente-tcs-bsc
uns-pmf:M3-23,utwente:202500332,utwente-tcs-bsc
uns-pmf:M3-23,utwente:202500342,utwente-tcs-bsc
uns-pmf:M3-23,utwente:202500352,utwente-tcs-bsc
uns-pmf:M3-23,utwente:202500353,utwente-tcs-bsc
uns-pmf:M3-23,utwente:202500354,utwente-tcs-bsc
uns-pmf:M3-23,utwente:202500356,utwente-tcs-bsc
uns-pmf:M3-23,utwente:202500361,utwente-tcs-bsc
uns-pmf:M3-23,utwente:202500568,utwente-tcs-bsc
