home_uid,host_uid,label,checked
uns-pmf:M-15,utwente:202001033,,no
uns-pmf:I211,utwente:202001193,,no
uns-pmf:I241,utwente:202500352,,no
uns-pmf:I031,utwente:202200022,,no
uns-pmf:I033,utwente:202500331,,no
uns-pmf:I221,utwente:202500342,,no
uns-pmf:I152,utwente:202200201,,no
uns-pmf:I141,utwente:202500568,,no
uns-pmf:I122,utwente:202300017,,no
uns-pmf:I151,utwente:202500361,,no
uns-pmf:I262,utwente:202500352,,no
uns-pmf:I212,utwente:202001193,,no
uns-pmf:I251,utwente:202500341,,no
uns-pmf:I034,utwente:202001234,,no
uns-pmf:I021,utwente:202500367,,no
uns-pmf:I243,utwente:202500347,,no
uns-pmf:I144,utwente:202200141,,no
uns-pmf:M-02,utwente:202300156,,no
uns-pmf:I322,utwente:202500344,,no
uns-pmf:I221,utwente:202500351,,no
uns-pmf:I111,utwente:202500568,,no
uns-pmf:I152,utwente:202200024,,no
uns-pmf:I222,utwente:202200236,,no
uns-pmf:I212,utwente:201600167,,no
uns-pmf:I142,utwente:202001047,,no
uns-pmf:I243,utwente:202500333,,no
uns-pmf:I243,utwente:202500346,,no
uns-pmf:I321,utwente:202500333,,no
uns-pmf:M-09,utwente:202500568,,no
uns-pmf:I331,utwente:202300106,,no
